Statistic,Value
Mean,118.45661666666666
Sum,319832865
Standard Deviation,62.05710086296342
